{"cameraMode":{"drawMode":0,"name":"Shaded","section":"Shading Mode"},"sceneLighting":false,"audioPlay":false,"sceneViewState":{"showFog":true,"showMaterialUpdate":false,"showSkybox":false,"showFlares":true,"showImageEffects":true,"showParticleSystems":true,"showVisualEffectGraphs":true,"m_FxEnabled":true},"in2DMode":false,"pivot":{"x":-18.872648239135743,"y":-12.948972702026368,"z":6.284918785095215},"rotation":{"x":0.0031239676754921676,"y":0.9015463590621948,"z":-0.4325058162212372,"w":0.006454532500356436},"size":12.12435531616211,"orthographic":false}